.region_id,ecometric,year,value,time_period
25025010405,Guns,2010,0.35,2010-01-01
25025010405,Guns,2011,0.89,2011-01-01
25025010405,Guns,2012,1.2,2012-01-01
25025010405,Guns,2013,0.84,2013-01-01
25025010405,Guns,2014,1.5,2014-01-01
25025010405,Guns,2015,1.15,2015-01-01
25025010405,Guns,2016,1.48,2016-01-01
25025010405,Guns,2017,1.64,2017-01-01
25025010405,Guns,2018,0.49,2018-01-01
25025010405,Guns,2019,0.17,2019-01-01
25025010404,Guns,2010,0,2010-01-01
25025010404,Guns,2011,0.86,2011-01-01
25025010404,Guns,2012,0.17,2012-01-01
25025010404,Guns,2013,1.35,2013-01-01
25025010404,Guns,2014,1.58,2014-01-01
25025010404,Guns,2015,1.17,2015-01-01
25025010404,Guns,2016,0.78,2016-01-01
25025010404,Guns,2017,0.39,2017-01-01
25025010404,Guns,2018,1.17,2018-01-01
25025010404,Guns,2019,0.19,2019-01-01
25025010801,Guns,2010,0,2010-01-01
25025010801,Guns,2011,0,2011-01-01
25025010801,Guns,2012,0,2012-01-01
25025010801,Guns,2013,0.32,2013-01-01
25025010801,Guns,2014,0.61,2014-01-01
25025010801,Guns,2015,0.31,2015-01-01
25025010801,Guns,2016,0.62,2016-01-01
25025010801,Guns,2017,0.31,2017-01-01
25025010801,Guns,2018,0.62,2018-01-01
25025010801,Guns,2019,0,2019-01-01
25025010702,Guns,2010,0.46,2010-01-01
25025010702,Guns,2011,2.12,2011-01-01
25025010702,Guns,2012,2.88,2012-01-01
25025010702,Guns,2013,3.68,2013-01-01
25025010702,Guns,2014,3.22,2014-01-01
25025010702,Guns,2015,2.71,2015-01-01
25025010702,Guns,2016,5.8,2016-01-01
25025010702,Guns,2017,5.41,2017-01-01
25025010702,Guns,2018,5.41,2018-01-01
25025010702,Guns,2019,2.68,2019-01-01
25025010204,Guns,2010,0,2010-01-01
25025010204,Guns,2011,0.3,2011-01-01
25025010204,Guns,2012,0.31,2012-01-01
25025010204,Guns,2013,0.6,2013-01-01
25025010204,Guns,2014,0.92,2014-01-01
25025010204,Guns,2015,0,2015-01-01
25025010204,Guns,2016,0.89,2016-01-01
25025010204,Guns,2017,0,2017-01-01
25025010204,Guns,2018,1.49,2018-01-01
25025010204,Guns,2019,0.28,2019-01-01
25025010802,Guns,2010,0,2010-01-01
25025010802,Guns,2011,0.33,2011-01-01
25025010802,Guns,2012,0,2012-01-01
25025010802,Guns,2013,0.7,2013-01-01
25025010802,Guns,2014,0,2014-01-01
25025010802,Guns,2015,0.63,2015-01-01
25025010802,Guns,2016,0,2016-01-01
25025010802,Guns,2017,0.63,2017-01-01
25025010802,Guns,2018,0.32,2018-01-01
25025010802,Guns,2019,0,2019-01-01
25025010104,Guns,2010,0,2010-01-01
25025010104,Guns,2011,0.42,2011-01-01
25025010104,Guns,2012,0.64,2012-01-01
25025010104,Guns,2013,0.84,2013-01-01
25025010104,Guns,2014,0.21,2014-01-01
25025010104,Guns,2015,0.82,2015-01-01
25025010104,Guns,2016,0,2016-01-01
25025010104,Guns,2017,0.61,2017-01-01
25025010104,Guns,2018,1.02,2018-01-01
25025010104,Guns,2019,0,2019-01-01
25025000703,Guns,2010,0,2010-01-01
25025000703,Guns,2011,3.34,2011-01-01
25025000703,Guns,2012,1.34,2012-01-01
25025000703,Guns,2013,2.8,2013-01-01
25025000703,Guns,2014,3.06,2014-01-01
25025000703,Guns,2015,4.67,2015-01-01
25025000703,Guns,2016,3.63,2016-01-01
25025000703,Guns,2017,3.63,2017-01-01
25025000703,Guns,2018,5.71,2018-01-01
25025000703,Guns,2019,3.06,2019-01-01
25025000504,Guns,2010,0.22,2010-01-01
25025000504,Guns,2011,1.35,2011-01-01
25025000504,Guns,2012,1.66,2012-01-01
25025000504,Guns,2013,2.89,2013-01-01
25025000504,Guns,2014,0.66,2014-01-01
25025000504,Guns,2015,1.35,2015-01-01
25025000504,Guns,2016,0.9,2016-01-01
25025000504,Guns,2017,1.12,2017-01-01
25025000504,Guns,2018,1.57,2018-01-01
25025000504,Guns,2019,0.61,2019-01-01
25025000704,Guns,2010,0,2010-01-01
25025000704,Guns,2011,2.66,2011-01-01
25025000704,Guns,2012,1.63,2012-01-01
25025000704,Guns,2013,3.05,2013-01-01
25025000704,Guns,2014,2.21,2014-01-01
25025000704,Guns,2015,1.96,2015-01-01
25025000704,Guns,2016,2.62,2016-01-01
25025000704,Guns,2017,0.65,2017-01-01
25025000704,Guns,2018,1.09,2018-01-01
25025000704,Guns,2019,0.41,2019-01-01
25025010103,Guns,2010,0,2010-01-01
25025010103,Guns,2011,0.51,2011-01-01
25025010103,Guns,2012,0,2012-01-01
25025010103,Guns,2013,0.28,2013-01-01
25025010103,Guns,2014,0.27,2014-01-01
25025010103,Guns,2015,1.35,2015-01-01
25025010103,Guns,2016,0,2016-01-01
25025010103,Guns,2017,0,2017-01-01
25025010103,Guns,2018,0.81,2018-01-01
25025010103,Guns,2019,0,2019-01-01
25025000803,Guns,2010,0,2010-01-01
25025000803,Guns,2011,0.87,2011-01-01
25025000803,Guns,2012,0.49,2012-01-01
25025000803,Guns,2013,0,2013-01-01
25025000803,Guns,2014,0,2014-01-01
25025000803,Guns,2015,0,2015-01-01
25025000803,Guns,2016,0.32,2016-01-01
25025000803,Guns,2017,0.16,2017-01-01
25025000803,Guns,2018,0.48,2018-01-01
25025000803,Guns,2019,0.33,2019-01-01
25025120201,Guns,2010,0.52,2010-01-01
25025120201,Guns,2011,2.1,2011-01-01
25025120201,Guns,2012,3.19,2012-01-01
25025120201,Guns,2013,4.35,2013-01-01
25025120201,Guns,2014,2.2,2014-01-01
25025120201,Guns,2015,3.97,2015-01-01
25025120201,Guns,2016,2.38,2016-01-01
25025120201,Guns,2017,0.79,2017-01-01
25025120201,Guns,2018,1.59,2018-01-01
25025120201,Guns,2019,2.3,2019-01-01
25025120104,Guns,2010,0,2010-01-01
25025120104,Guns,2011,4.65,2011-01-01
25025120104,Guns,2012,3.22,2012-01-01
25025120104,Guns,2013,4.4,2013-01-01
25025120104,Guns,2014,3.92,2014-01-01
25025120104,Guns,2015,1.74,2015-01-01
25025120104,Guns,2016,1.74,2016-01-01
25025120104,Guns,2017,1.3,2017-01-01
25025120104,Guns,2018,2.61,2018-01-01
25025120104,Guns,2019,0.45,2019-01-01
25025110607,Guns,2010,0,2010-01-01
25025110607,Guns,2011,1.32,2011-01-01
25025110607,Guns,2012,1.89,2012-01-01
25025110607,Guns,2013,1.37,2013-01-01
25025110607,Guns,2014,2.08,2014-01-01
25025110607,Guns,2015,0.37,2015-01-01
25025110607,Guns,2016,1.31,2016-01-01
25025110607,Guns,2017,0.75,2017-01-01
25025110607,Guns,2018,0.93,2018-01-01
25025110607,Guns,2019,0.55,2019-01-01
25025000302,Guns,2010,0.33,2010-01-01
25025000302,Guns,2011,1.1,2011-01-01
25025000302,Guns,2012,1.5,2012-01-01
25025000302,Guns,2013,0.69,2013-01-01
25025000302,Guns,2014,1.93,2014-01-01
25025000302,Guns,2015,0.89,2015-01-01
25025000302,Guns,2016,1.18,2016-01-01
25025000302,Guns,2017,0.59,2017-01-01
25025000302,Guns,2018,0,2018-01-01
25025000302,Guns,2019,0.58,2019-01-01
25025000301,Guns,2010,0,2010-01-01
25025000301,Guns,2011,1.65,2011-01-01
25025000301,Guns,2012,1.64,2012-01-01
25025000301,Guns,2013,0.74,2013-01-01
25025000301,Guns,2014,1.16,2014-01-01
25025000301,Guns,2015,0.69,2015-01-01
25025000301,Guns,2016,0.69,2016-01-01
25025000301,Guns,2017,0.34,2017-01-01
25025000301,Guns,2018,0.34,2018-01-01
25025000301,Guns,2019,0,2019-01-01
25025140400,Guns,2010,0.24,2010-01-01
25025140400,Guns,2011,3.2,2011-01-01
25025140400,Guns,2012,2.4,2012-01-01
25025140400,Guns,2013,3.23,2013-01-01
25025140400,Guns,2014,3.12,2014-01-01
25025140400,Guns,2015,4.23,2015-01-01
25025140400,Guns,2016,2.29,2016-01-01
25025140400,Guns,2017,2.29,2017-01-01
25025140400,Guns,2018,2.29,2018-01-01
25025140400,Guns,2019,3.91,2019-01-01
25025140300,Guns,2010,0.32,2010-01-01
25025140300,Guns,2011,3.18,2011-01-01
25025140300,Guns,2012,4.26,2012-01-01
25025140300,Guns,2013,4.25,2013-01-01
25025140300,Guns,2014,1.58,2014-01-01
25025140300,Guns,2015,3.67,2015-01-01
25025140300,Guns,2016,2.58,2016-01-01
25025140300,Guns,2017,3.94,2017-01-01
25025140300,Guns,2018,4.48,2018-01-01
25025140300,Guns,2019,5.32,2019-01-01
25025140201,Guns,2010,0,2010-01-01
25025140201,Guns,2011,1.67,2011-01-01
25025140201,Guns,2012,0.83,2012-01-01
25025140201,Guns,2013,0,2013-01-01
25025140201,Guns,2014,2.09,2014-01-01
25025140201,Guns,2015,2.56,2015-01-01
25025140201,Guns,2016,1.28,2016-01-01
25025140201,Guns,2017,2.13,2017-01-01
25025140201,Guns,2018,2.13,2018-01-01
25025140201,Guns,2019,2.42,2019-01-01
25025140202,Guns,2010,0.33,2010-01-01
25025140202,Guns,2011,1.15,2011-01-01
25025140202,Guns,2012,2.13,2012-01-01
25025140202,Guns,2013,4.53,2013-01-01
25025140202,Guns,2014,2.55,2014-01-01
25025140202,Guns,2015,3.37,2015-01-01
25025140202,Guns,2016,3.22,2016-01-01
25025140202,Guns,2017,2.91,2017-01-01
25025140202,Guns,2018,2.76,2018-01-01
25025140202,Guns,2019,2.06,2019-01-01
25025140102,Guns,2010,0.45,2010-01-01
25025140102,Guns,2011,1.34,2011-01-01
25025140102,Guns,2012,0.63,2012-01-01
25025140102,Guns,2013,1.49,2013-01-01
25025140102,Guns,2014,0.99,2014-01-01
25025140102,Guns,2015,2.09,2015-01-01
25025140102,Guns,2016,2.28,2016-01-01
25025140102,Guns,2017,2.28,2017-01-01
25025140102,Guns,2018,3.23,2018-01-01
25025140102,Guns,2019,1.98,2019-01-01
25025130402,Guns,2010,0.22,2010-01-01
25025130402,Guns,2011,0,2011-01-01
25025130402,Guns,2012,0.39,2012-01-01
25025130402,Guns,2013,0.61,2013-01-01
25025130402,Guns,2014,1.39,2014-01-01
25025130402,Guns,2015,1.38,2015-01-01
25025130402,Guns,2016,1.18,2016-01-01
25025130402,Guns,2017,0.79,2017-01-01
25025130402,Guns,2018,0.98,2018-01-01
25025130402,Guns,2019,0.61,2019-01-01
25025130300,Guns,2010,0.23,2010-01-01
25025130300,Guns,2011,0.43,2011-01-01
25025130300,Guns,2012,0,2012-01-01
25025130300,Guns,2013,0.43,2013-01-01
25025130300,Guns,2014,0.44,2014-01-01
25025130300,Guns,2015,1.07,2015-01-01
25025130300,Guns,2016,0,2016-01-01
25025130300,Guns,2017,0.64,2017-01-01
25025130300,Guns,2018,0.43,2018-01-01
25025130300,Guns,2019,0.44,2019-01-01
25025130200,Guns,2010,0,2010-01-01
25025130200,Guns,2011,0.6,2011-01-01
25025130200,Guns,2012,0.4,2012-01-01
25025130200,Guns,2013,0.6,2013-01-01
25025130200,Guns,2014,0.8,2014-01-01
25025130200,Guns,2015,0.57,2015-01-01
25025130200,Guns,2016,0.38,2016-01-01
25025130200,Guns,2017,0.38,2017-01-01
25025130200,Guns,2018,1.14,2018-01-01
25025130200,Guns,2019,0.57,2019-01-01
25025130100,Guns,2010,0.17,2010-01-01
25025130100,Guns,2011,0.5,2011-01-01
25025130100,Guns,2012,1.32,2012-01-01
25025130100,Guns,2013,0.46,2013-01-01
25025130100,Guns,2014,0,2014-01-01
25025130100,Guns,2015,0.9,2015-01-01
25025130100,Guns,2016,0.6,2016-01-01
25025130100,Guns,2017,0.3,2017-01-01
25025130100,Guns,2018,0.3,2018-01-01
25025130100,Guns,2019,0.3,2019-01-01
25025120700,Guns,2010,0.47,2010-01-01
25025120700,Guns,2011,1.56,2011-01-01
25025120700,Guns,2012,3.43,2012-01-01
25025120700,Guns,2013,2.32,2013-01-01
25025120700,Guns,2014,2.27,2014-01-01
25025120700,Guns,2015,3.49,2015-01-01
25025120700,Guns,2016,1.31,2016-01-01
25025120700,Guns,2017,2.18,2017-01-01
25025120700,Guns,2018,2.62,2018-01-01
25025120700,Guns,2019,1.29,2019-01-01
25025120600,Guns,2010,0,2010-01-01
25025120600,Guns,2011,3.05,2011-01-01
25025120600,Guns,2012,0,2012-01-01
25025120600,Guns,2013,3.1,2013-01-01
25025120600,Guns,2014,2.91,2014-01-01
25025120600,Guns,2015,2.16,2015-01-01
25025120600,Guns,2016,1.73,2016-01-01
25025120600,Guns,2017,0.43,2017-01-01
25025120600,Guns,2018,2.59,2018-01-01
25025120600,Guns,2019,2.04,2019-01-01
25025120500,Guns,2010,0,2010-01-01
25025120500,Guns,2011,2.5,2011-01-01
25025120500,Guns,2012,2.11,2012-01-01
25025120500,Guns,2013,4.03,2013-01-01
25025120500,Guns,2014,4.88,2014-01-01
25025120500,Guns,2015,2.98,2015-01-01
25025120500,Guns,2016,5.21,2016-01-01
25025120500,Guns,2017,2.23,2017-01-01
25025120500,Guns,2018,4.1,2018-01-01
25025120500,Guns,2019,4.61,2019-01-01
25025120400,Guns,2010,1.51,2010-01-01
25025120400,Guns,2011,0.93,2011-01-01
25025120400,Guns,2012,1.25,2012-01-01
25025120400,Guns,2013,2.12,2013-01-01
25025120400,Guns,2014,2.52,2014-01-01
25025120400,Guns,2015,1.42,2015-01-01
25025120400,Guns,2016,2.06,2016-01-01
25025120400,Guns,2017,3,2017-01-01
25025120400,Guns,2018,2.06,2018-01-01
25025120400,Guns,2019,0.46,2019-01-01
25025110601,Guns,2010,0,2010-01-01
25025110601,Guns,2011,0.75,2011-01-01
25025110601,Guns,2012,0,2012-01-01
25025110601,Guns,2013,2.04,2013-01-01
25025110601,Guns,2014,1.06,2014-01-01
25025110601,Guns,2015,0,2015-01-01
25025110601,Guns,2016,1,2016-01-01
25025110601,Guns,2017,0,2017-01-01
25025110601,Guns,2018,0.33,2018-01-01
25025110601,Guns,2019,0,2019-01-01
25025110502,Guns,2010,0,2010-01-01
25025110502,Guns,2011,2.64,2011-01-01
25025110502,Guns,2012,3.08,2012-01-01
25025110502,Guns,2013,2.25,2013-01-01
25025110502,Guns,2014,1.93,2014-01-01
25025110502,Guns,2015,1.72,2015-01-01
25025110502,Guns,2016,2.79,2016-01-01
25025110502,Guns,2017,3.01,2017-01-01
25025110502,Guns,2018,2.79,2018-01-01
25025110502,Guns,2019,1.63,2019-01-01
25025110501,Guns,2010,0,2010-01-01
25025110501,Guns,2011,0.83,2011-01-01
25025110501,Guns,2012,0.83,2012-01-01
25025110501,Guns,2013,1.11,2013-01-01
25025110501,Guns,2014,0.28,2014-01-01
25025110501,Guns,2015,0,2015-01-01
25025110501,Guns,2016,1.13,2016-01-01
25025110501,Guns,2017,1.41,2017-01-01
25025110501,Guns,2018,1.13,2018-01-01
25025110501,Guns,2019,0.8,2019-01-01
25025110401,Guns,2010,0.54,2010-01-01
25025110401,Guns,2011,2.48,2011-01-01
25025110401,Guns,2012,2.49,2012-01-01
25025110401,Guns,2013,2.09,2013-01-01
25025110401,Guns,2014,2.07,2014-01-01
25025110401,Guns,2015,3.45,2015-01-01
25025110401,Guns,2016,1.59,2016-01-01
25025110401,Guns,2017,2.39,2017-01-01
25025110401,Guns,2018,3.18,2018-01-01
25025110401,Guns,2019,3.1,2019-01-01
25025101102,Guns,2010,1.66,2010-01-01
25025101102,Guns,2011,8.4,2011-01-01
25025101102,Guns,2012,7.78,2012-01-01
25025101102,Guns,2013,13.99,2013-01-01
25025101102,Guns,2014,9.02,2014-01-01
25025101102,Guns,2015,10.06,2015-01-01
25025101102,Guns,2016,8.29,2016-01-01
25025101102,Guns,2017,7.89,2017-01-01
25025101102,Guns,2018,7.7,2018-01-01
25025101102,Guns,2019,8.57,2019-01-01
25025101101,Guns,2010,0.59,2010-01-01
25025101101,Guns,2011,6.31,2011-01-01
25025101101,Guns,2012,3.49,2012-01-01
25025101101,Guns,2013,4.46,2013-01-01
25025101101,Guns,2014,4.84,2014-01-01
25025101101,Guns,2015,4.49,2015-01-01
25025101101,Guns,2016,3.96,2016-01-01
25025101101,Guns,2017,4.75,2017-01-01
25025101101,Guns,2018,2.64,2018-01-01
25025101101,Guns,2019,7.27,2019-01-01
25025101002,Guns,2010,1.05,2010-01-01
25025101002,Guns,2011,7.5,2011-01-01
25025101002,Guns,2012,6.46,2012-01-01
25025101002,Guns,2013,6.7,2013-01-01
25025101002,Guns,2014,7.73,2014-01-01
25025101002,Guns,2015,8.48,2015-01-01
25025101002,Guns,2016,5.88,2016-01-01
25025101002,Guns,2017,5.88,2017-01-01
25025101002,Guns,2018,6.92,2018-01-01
25025101002,Guns,2019,4.53,2019-01-01
25025101001,Guns,2010,0.84,2010-01-01
25025101001,Guns,2011,5.43,2011-01-01
25025101001,Guns,2012,7.15,2012-01-01
25025101001,Guns,2013,8.08,2013-01-01
25025101001,Guns,2014,7,2014-01-01
25025101001,Guns,2015,6.15,2015-01-01
25025101001,Guns,2016,8.98,2016-01-01
25025101001,Guns,2017,8.83,2017-01-01
25025101001,Guns,2018,7.25,2018-01-01
25025101001,Guns,2019,4.85,2019-01-01
25025100900,Guns,2010,0,2010-01-01
25025100900,Guns,2011,4.63,2011-01-01
25025100900,Guns,2012,1.68,2012-01-01
25025100900,Guns,2013,3.77,2013-01-01
25025100900,Guns,2014,5.64,2014-01-01
25025100900,Guns,2015,6.2,2015-01-01
25025100900,Guns,2016,7.15,2016-01-01
25025100900,Guns,2017,7.39,2017-01-01
25025100900,Guns,2018,5.72,2018-01-01
25025100900,Guns,2019,3.07,2019-01-01
25025100800,Guns,2010,0.76,2010-01-01
25025100800,Guns,2011,2.51,2011-01-01
25025100800,Guns,2012,4.86,2012-01-01
25025100800,Guns,2013,4.17,2013-01-01
25025100800,Guns,2014,4.52,2014-01-01
25025100800,Guns,2015,1.97,2015-01-01
25025100800,Guns,2016,2.73,2016-01-01
25025100800,Guns,2017,2.89,2017-01-01
25025100800,Guns,2018,1.82,2018-01-01
25025100800,Guns,2019,2.89,2019-01-01
25025100601,Guns,2010,0.2,2010-01-01
25025100601,Guns,2011,3.09,2011-01-01
25025100601,Guns,2012,4.44,2012-01-01
25025100601,Guns,2013,5.01,2013-01-01
25025100601,Guns,2014,2.67,2014-01-01
25025100601,Guns,2015,2.2,2015-01-01
25025100601,Guns,2016,2.37,2016-01-01
25025100601,Guns,2017,1.36,2017-01-01
25025100601,Guns,2018,0.85,2018-01-01
25025100601,Guns,2019,0.67,2019-01-01
25025100500,Guns,2010,1.23,2010-01-01
25025100500,Guns,2011,6.43,2011-01-01
25025100500,Guns,2012,7.9,2012-01-01
25025100500,Guns,2013,10.24,2013-01-01
25025100500,Guns,2014,8.3,2014-01-01
25025100500,Guns,2015,9.54,2015-01-01
25025100500,Guns,2016,10.63,2016-01-01
25025100500,Guns,2017,6,2017-01-01
25025100500,Guns,2018,5.18,2018-01-01
25025100500,Guns,2019,6.37,2019-01-01
25025100400,Guns,2010,0.65,2010-01-01
25025100400,Guns,2011,4.95,2011-01-01
25025100400,Guns,2012,8.12,2012-01-01
25025100400,Guns,2013,6.91,2013-01-01
25025100400,Guns,2014,6.25,2014-01-01
25025100400,Guns,2015,5.65,2015-01-01
25025100400,Guns,2016,10.76,2016-01-01
25025100400,Guns,2017,6,2017-01-01
25025100400,Guns,2018,3.71,2018-01-01
25025100400,Guns,2019,3.51,2019-01-01
25025100300,Guns,2010,0.55,2010-01-01
25025100300,Guns,2011,4.69,2011-01-01
25025100300,Guns,2012,7.91,2012-01-01
25025100300,Guns,2013,9.34,2013-01-01
25025100300,Guns,2014,9.11,2014-01-01
25025100300,Guns,2015,8.86,2015-01-01
25025100300,Guns,2016,3.2,2016-01-01
25025100300,Guns,2017,10.83,2017-01-01
25025100300,Guns,2018,7.14,2018-01-01
25025100300,Guns,2019,3.65,2019-01-01
25025100200,Guns,2010,1.49,2010-01-01
25025100200,Guns,2011,10.07,2011-01-01
25025100200,Guns,2012,13.21,2012-01-01
25025100200,Guns,2013,14.98,2013-01-01
25025100200,Guns,2014,11.99,2014-01-01
25025100200,Guns,2015,6.93,2015-01-01
25025100200,Guns,2016,6.62,2016-01-01
25025100200,Guns,2017,9.14,2017-01-01
25025100200,Guns,2018,8.51,2018-01-01
25025100200,Guns,2019,9.59,2019-01-01
25025100100,Guns,2010,0.16,2010-01-01
25025100100,Guns,2011,8.9,2011-01-01
25025100100,Guns,2012,8.79,2012-01-01
25025100100,Guns,2013,10.9,2013-01-01
25025100100,Guns,2014,11.03,2014-01-01
25025100100,Guns,2015,11.12,2015-01-01
25025100100,Guns,2016,9.64,2016-01-01
25025100100,Guns,2017,8.9,2017-01-01
25025100100,Guns,2018,7.42,2018-01-01
25025100100,Guns,2019,8.12,2019-01-01
25025092400,Guns,2010,1.19,2010-01-01
25025092400,Guns,2011,9.42,2011-01-01
25025092400,Guns,2012,8.22,2012-01-01
25025092400,Guns,2013,10.47,2013-01-01
25025092400,Guns,2014,13.41,2014-01-01
25025092400,Guns,2015,10.19,2015-01-01
25025092400,Guns,2016,11.2,2016-01-01
25025092400,Guns,2017,10.7,2017-01-01
25025092400,Guns,2018,6.68,2018-01-01
25025092400,Guns,2019,9.31,2019-01-01
25025092300,Guns,2010,0.32,2010-01-01
25025092300,Guns,2011,10.53,2011-01-01
25025092300,Guns,2012,9.48,2012-01-01
25025092300,Guns,2013,7.24,2013-01-01
25025092300,Guns,2014,5.91,2014-01-01
25025092300,Guns,2015,12.79,2015-01-01
25025092300,Guns,2016,10.8,2016-01-01
25025092300,Guns,2017,13.07,2017-01-01
25025092300,Guns,2018,7.1,2018-01-01
25025092300,Guns,2019,8.25,2019-01-01
25025092200,Guns,2010,1.38,2010-01-01
25025092200,Guns,2011,13.37,2011-01-01
25025092200,Guns,2012,10.47,2012-01-01
25025092200,Guns,2013,10.42,2013-01-01
25025092200,Guns,2014,14.61,2014-01-01
25025092200,Guns,2015,12.86,2015-01-01
25025092200,Guns,2016,19.3,2016-01-01
25025092200,Guns,2017,15.01,2017-01-01
25025092200,Guns,2018,17.46,2018-01-01
25025092200,Guns,2019,15.13,2019-01-01
25025092000,Guns,2010,1.32,2010-01-01
25025092000,Guns,2011,7.85,2011-01-01
25025092000,Guns,2012,9.27,2012-01-01
25025092000,Guns,2013,14.19,2013-01-01
25025092000,Guns,2014,9.26,2014-01-01
25025092000,Guns,2015,8.48,2015-01-01
25025092000,Guns,2016,8.48,2016-01-01
25025092000,Guns,2017,9.4,2017-01-01
25025092000,Guns,2018,6.08,2018-01-01
25025092000,Guns,2019,6.92,2019-01-01
25025091900,Guns,2010,0.98,2010-01-01
25025091900,Guns,2011,7.49,2011-01-01
25025091900,Guns,2012,5.65,2012-01-01
25025091900,Guns,2013,14.19,2013-01-01
25025091900,Guns,2014,8.96,2014-01-01
25025091900,Guns,2015,12.47,2015-01-01
25025091900,Guns,2016,9.48,2016-01-01
25025091900,Guns,2017,9.73,2017-01-01
25025091900,Guns,2018,6.73,2018-01-01
25025091900,Guns,2019,8.11,2019-01-01
25025091800,Guns,2010,0.87,2010-01-01
25025091800,Guns,2011,13.29,2011-01-01
25025091800,Guns,2012,7.6,2012-01-01
25025091800,Guns,2013,8.92,2013-01-01
25025091800,Guns,2014,9.15,2014-01-01
25025091800,Guns,2015,16.8,2015-01-01
25025091800,Guns,2016,13.22,2016-01-01
25025091800,Guns,2017,12.67,2017-01-01
25025091800,Guns,2018,9.09,2018-01-01
25025091800,Guns,2019,7.37,2019-01-01
25025091700,Guns,2010,0.6,2010-01-01
25025091700,Guns,2011,5.26,2011-01-01
25025091700,Guns,2012,10.53,2012-01-01
25025091700,Guns,2013,16.95,2013-01-01
25025091700,Guns,2014,10.86,2014-01-01
25025091700,Guns,2015,11.4,2015-01-01
25025091700,Guns,2016,11.71,2016-01-01
25025091700,Guns,2017,16.02,2017-01-01
25025091700,Guns,2018,5.55,2018-01-01
25025091700,Guns,2019,8.71,2019-01-01
25025091600,Guns,2010,1.58,2010-01-01
25025091600,Guns,2011,6.25,2011-01-01
25025091600,Guns,2012,4.18,2012-01-01
25025091600,Guns,2013,14.78,2013-01-01
25025091600,Guns,2014,5.59,2014-01-01
25025091600,Guns,2015,4.39,2015-01-01
25025091600,Guns,2016,7.44,2016-01-01
25025091600,Guns,2017,11.49,2017-01-01
25025091600,Guns,2018,9.8,2018-01-01
25025091600,Guns,2019,7.08,2019-01-01
25025981100,Guns,2010,0,2010-01-01
25025981100,Guns,2011,0,2011-01-01
25025981100,Guns,2012,0,2012-01-01
25025981100,Guns,2013,3.36,2013-01-01
25025981100,Guns,2014,0,2014-01-01
25025981100,Guns,2015,0,2015-01-01
25025981100,Guns,2016,0,2016-01-01
25025981100,Guns,2017,0,2017-01-01
25025981100,Guns,2018,0,2018-01-01
25025981100,Guns,2019,0,2019-01-01
25025140105,Guns,2010,0,2010-01-01
25025140105,Guns,2011,2.36,2011-01-01
25025140105,Guns,2012,1.22,2012-01-01
25025140105,Guns,2013,0.5,2013-01-01
25025140105,Guns,2014,1.78,2014-01-01
25025140105,Guns,2015,2.89,2015-01-01
25025140105,Guns,2016,1.45,2016-01-01
25025140105,Guns,2017,0.96,2017-01-01
25025140105,Guns,2018,1.21,2018-01-01
25025140105,Guns,2019,2.46,2019-01-01
25025120105,Guns,2010,0.87,2010-01-01
25025120105,Guns,2011,0.85,2011-01-01
25025120105,Guns,2012,0.41,2012-01-01
25025120105,Guns,2013,0.38,2013-01-01
25025120105,Guns,2014,1.1,2014-01-01
25025120105,Guns,2015,1.81,2015-01-01
25025120105,Guns,2016,0.73,2016-01-01
25025120105,Guns,2017,2.18,2017-01-01
25025120105,Guns,2018,0.73,2018-01-01
25025120105,Guns,2019,1.83,2019-01-01
25025120301,Guns,2010,0.8,2010-01-01
25025120301,Guns,2011,6.53,2011-01-01
25025120301,Guns,2012,2.95,2012-01-01
25025120301,Guns,2013,4.61,2013-01-01
25025120301,Guns,2014,7.69,2014-01-01
25025120301,Guns,2015,4.94,2015-01-01
25025120301,Guns,2016,4.75,2016-01-01
25025120301,Guns,2017,6.27,2017-01-01
25025120301,Guns,2018,2.47,2018-01-01
25025120301,Guns,2019,2.33,2019-01-01
25025071201,Guns,2010,0.34,2010-01-01
25025071201,Guns,2011,5.11,2011-01-01
25025071201,Guns,2012,1.79,2012-01-01
25025071201,Guns,2013,1.77,2013-01-01
25025071201,Guns,2014,1.72,2014-01-01
25025071201,Guns,2015,2.79,2015-01-01
25025071201,Guns,2016,5.59,2016-01-01
25025071201,Guns,2017,2.51,2017-01-01
25025071201,Guns,2018,2.79,2018-01-01
25025071201,Guns,2019,3.75,2019-01-01
25025091001,Guns,2010,0.36,2010-01-01
25025091001,Guns,2011,5.39,2011-01-01
25025091001,Guns,2012,3.19,2012-01-01
25025091001,Guns,2013,6.53,2013-01-01
25025091001,Guns,2014,3.4,2014-01-01
25025091001,Guns,2015,3.94,2015-01-01
25025091001,Guns,2016,2.95,2016-01-01
25025091001,Guns,2017,4.6,2017-01-01
25025091001,Guns,2018,6.24,2018-01-01
25025091001,Guns,2019,3.03,2019-01-01
25025091500,Guns,2010,1.2,2010-01-01
25025091500,Guns,2011,6.91,2011-01-01
25025091500,Guns,2012,7.15,2012-01-01
25025091500,Guns,2013,9.16,2013-01-01
25025091500,Guns,2014,10.47,2014-01-01
25025091500,Guns,2015,9.22,2015-01-01
25025091500,Guns,2016,12.1,2016-01-01
25025091500,Guns,2017,12.49,2017-01-01
25025091500,Guns,2018,6.34,2018-01-01
25025091500,Guns,2019,3.96,2019-01-01
25025091400,Guns,2010,0.46,2010-01-01
25025091400,Guns,2011,7.21,2011-01-01
25025091400,Guns,2012,6.13,2012-01-01
25025091400,Guns,2013,13.23,2013-01-01
25025091400,Guns,2014,10.5,2014-01-01
25025091400,Guns,2015,8.42,2015-01-01
25025091400,Guns,2016,7.77,2016-01-01
25025091400,Guns,2017,7.45,2017-01-01
25025091400,Guns,2018,9.71,2018-01-01
25025091400,Guns,2019,8.85,2019-01-01
25025091300,Guns,2010,0,2010-01-01
25025091300,Guns,2011,11.09,2011-01-01
25025091300,Guns,2012,16.65,2012-01-01
25025091300,Guns,2013,12.33,2013-01-01
25025091300,Guns,2014,19.66,2014-01-01
25025091300,Guns,2015,21.1,2015-01-01
25025091300,Guns,2016,25.79,2016-01-01
25025091300,Guns,2017,14.46,2017-01-01
25025091300,Guns,2018,14.07,2018-01-01
25025091300,Guns,2019,7.81,2019-01-01
25025091200,Guns,2010,0.68,2010-01-01
25025091200,Guns,2011,5.18,2011-01-01
25025091200,Guns,2012,5.05,2012-01-01
25025091200,Guns,2013,7.41,2013-01-01
25025091200,Guns,2014,10.8,2014-01-01
25025091200,Guns,2015,11.58,2015-01-01
25025091200,Guns,2016,9.6,2016-01-01
25025091200,Guns,2017,15.88,2017-01-01
25025091200,Guns,2018,8.27,2018-01-01
25025091200,Guns,2019,3.98,2019-01-01
25025091100,Guns,2010,0,2010-01-01
25025091100,Guns,2011,2.34,2011-01-01
25025091100,Guns,2012,2.64,2012-01-01
25025091100,Guns,2013,2.92,2013-01-01
25025091100,Guns,2014,2.44,2014-01-01
25025091100,Guns,2015,1.78,2015-01-01
25025091100,Guns,2016,1.19,2016-01-01
25025091100,Guns,2017,2.78,2017-01-01
25025091100,Guns,2018,2.78,2018-01-01
25025091100,Guns,2019,1.89,2019-01-01
25025090700,Guns,2010,0.24,2010-01-01
25025090700,Guns,2011,2.76,2011-01-01
25025090700,Guns,2012,2.2,2012-01-01
25025090700,Guns,2013,4.34,2013-01-01
25025090700,Guns,2014,4.62,2014-01-01
25025090700,Guns,2015,4.55,2015-01-01
25025090700,Guns,2016,4.79,2016-01-01
25025090700,Guns,2017,4.79,2017-01-01
25025090700,Guns,2018,3.59,2018-01-01
25025090700,Guns,2019,6.44,2019-01-01
25025090600,Guns,2010,1.39,2010-01-01
25025090600,Guns,2011,12.66,2011-01-01
25025090600,Guns,2012,10,2012-01-01
25025090600,Guns,2013,15.83,2013-01-01
25025090600,Guns,2014,15.11,2014-01-01
25025090600,Guns,2015,8.19,2015-01-01
25025090600,Guns,2016,9.83,2016-01-01
25025090600,Guns,2017,11.06,2017-01-01
25025090600,Guns,2018,6.96,2018-01-01
25025090600,Guns,2019,11.16,2019-01-01
25025090400,Guns,2010,2.46,2010-01-01
25025090400,Guns,2011,10.09,2011-01-01
25025090400,Guns,2012,15.82,2012-01-01
25025090400,Guns,2013,9.84,2013-01-01
25025090400,Guns,2014,6.19,2014-01-01
25025090400,Guns,2015,7.42,2015-01-01
25025090400,Guns,2016,5.34,2016-01-01
25025090400,Guns,2017,7.42,2017-01-01
25025090400,Guns,2018,7.66,2018-01-01
25025090400,Guns,2019,6.72,2019-01-01
25025090300,Guns,2010,0.31,2010-01-01
25025090300,Guns,2011,16.33,2011-01-01
25025090300,Guns,2012,7.95,2012-01-01
25025090300,Guns,2013,11.29,2013-01-01
25025090300,Guns,2014,12.36,2014-01-01
25025090300,Guns,2015,15.34,2015-01-01
25025090300,Guns,2016,13.28,2016-01-01
25025090300,Guns,2017,12.98,2017-01-01
25025090300,Guns,2018,6.49,2018-01-01
25025090300,Guns,2019,9.22,2019-01-01
25025090200,Guns,2010,2.04,2010-01-01
25025090200,Guns,2011,13.87,2011-01-01
25025090200,Guns,2012,14.25,2012-01-01
25025090200,Guns,2013,18.88,2013-01-01
25025090200,Guns,2014,15.72,2014-01-01
25025090200,Guns,2015,14.26,2015-01-01
25025090200,Guns,2016,17.52,2016-01-01
25025090200,Guns,2017,11,2017-01-01
25025090200,Guns,2018,11.41,2018-01-01
25025090200,Guns,2019,12.76,2019-01-01
25025040801,Guns,2010,0.58,2010-01-01
25025040801,Guns,2011,3.69,2011-01-01
25025040801,Guns,2012,1.68,2012-01-01
25025040801,Guns,2013,7.08,2013-01-01
25025040801,Guns,2014,4.11,2014-01-01
25025040801,Guns,2015,2.9,2015-01-01
25025040801,Guns,2016,5.13,2016-01-01
25025040801,Guns,2017,3.12,2017-01-01
25025040801,Guns,2018,4.68,2018-01-01
25025040801,Guns,2019,1.83,2019-01-01
25025010203,Guns,2010,0.42,2010-01-01
25025010203,Guns,2011,1.47,2011-01-01
25025010203,Guns,2012,1.05,2012-01-01
25025010203,Guns,2013,1.21,2013-01-01
25025010203,Guns,2014,2.17,2014-01-01
25025010203,Guns,2015,3.29,2015-01-01
25025010203,Guns,2016,2.71,2016-01-01
25025010203,Guns,2017,1.35,2017-01-01
25025010203,Guns,2018,1.93,2018-01-01
25025010203,Guns,2019,1.49,2019-01-01
25025110403,Guns,2010,0,2010-01-01
25025110403,Guns,2011,1,2011-01-01
25025110403,Guns,2012,1.01,2012-01-01
25025110403,Guns,2013,1.91,2013-01-01
25025110403,Guns,2014,1.53,2014-01-01
25025110403,Guns,2015,0.67,2015-01-01
25025110403,Guns,2016,1.33,2016-01-01
25025110403,Guns,2017,2.89,2017-01-01
25025110403,Guns,2018,0.44,2018-01-01
25025110403,Guns,2019,1.77,2019-01-01
25025110201,Guns,2010,0,2010-01-01
25025110201,Guns,2011,0.9,2011-01-01
25025110201,Guns,2012,2.23,2012-01-01
25025110201,Guns,2013,5.46,2013-01-01
25025110201,Guns,2014,3.23,2014-01-01
25025110201,Guns,2015,5.18,2015-01-01
25025110201,Guns,2016,2.39,2016-01-01
25025110201,Guns,2017,3.58,2017-01-01
25025110201,Guns,2018,3.18,2018-01-01
25025110201,Guns,2019,3.56,2019-01-01
25025090100,Guns,2010,1.82,2010-01-01
25025090100,Guns,2011,8.39,2011-01-01
25025090100,Guns,2012,8.38,2012-01-01
25025090100,Guns,2013,18.91,2013-01-01
25025090100,Guns,2014,11.29,2014-01-01
25025090100,Guns,2015,12.73,2015-01-01
25025090100,Guns,2016,15.36,2016-01-01
25025090100,Guns,2017,11.72,2017-01-01
25025090100,Guns,2018,12.33,2018-01-01
25025090100,Guns,2019,10.1,2019-01-01
25025082100,Guns,2010,1,2010-01-01
25025082100,Guns,2011,10.76,2011-01-01
25025082100,Guns,2012,5.59,2012-01-01
25025082100,Guns,2013,14.69,2013-01-01
25025082100,Guns,2014,13.54,2014-01-01
25025082100,Guns,2015,8.71,2015-01-01
25025082100,Guns,2016,12.79,2016-01-01
25025082100,Guns,2017,14.08,2017-01-01
25025082100,Guns,2018,7.04,2018-01-01
25025082100,Guns,2019,7.3,2019-01-01
25025082000,Guns,2010,0,2010-01-01
25025082000,Guns,2011,13.75,2011-01-01
25025082000,Guns,2012,12.5,2012-01-01
25025082000,Guns,2013,11.01,2013-01-01
25025082000,Guns,2014,9.91,2014-01-01
25025082000,Guns,2015,10.32,2015-01-01
25025082000,Guns,2016,11.7,2016-01-01
25025082000,Guns,2017,7.91,2017-01-01
25025082000,Guns,2018,5.85,2018-01-01
25025082000,Guns,2019,6.16,2019-01-01
25025081900,Guns,2010,1.04,2010-01-01
25025081900,Guns,2011,11.21,2011-01-01
25025081900,Guns,2012,13.37,2012-01-01
25025081900,Guns,2013,21.91,2013-01-01
25025081900,Guns,2014,17.31,2014-01-01
25025081900,Guns,2015,16.07,2015-01-01
25025081900,Guns,2016,18.33,2016-01-01
25025081900,Guns,2017,10.71,2017-01-01
25025081900,Guns,2018,7.61,2018-01-01
25025081900,Guns,2019,11.73,2019-01-01
25025081800,Guns,2010,2.22,2010-01-01
25025081800,Guns,2011,12.99,2011-01-01
25025081800,Guns,2012,9.06,2012-01-01
25025081800,Guns,2013,18.11,2013-01-01
25025081800,Guns,2014,12.84,2014-01-01
25025081800,Guns,2015,10.18,2015-01-01
25025081800,Guns,2016,10.18,2016-01-01
25025081800,Guns,2017,13.01,2017-01-01
25025081800,Guns,2018,9.9,2018-01-01
25025081800,Guns,2019,6.59,2019-01-01
25025081700,Guns,2010,0.87,2010-01-01
25025081700,Guns,2011,9.46,2011-01-01
25025081700,Guns,2012,15.42,2012-01-01
25025081700,Guns,2013,21.58,2013-01-01
25025081700,Guns,2014,17.33,2014-01-01
25025081700,Guns,2015,15.46,2015-01-01
25025081700,Guns,2016,14.43,2016-01-01
25025081700,Guns,2017,14.43,2017-01-01
25025081700,Guns,2018,8.24,2018-01-01
25025081700,Guns,2019,15.9,2019-01-01
25025081500,Guns,2010,0,2010-01-01
25025081500,Guns,2011,7.06,2011-01-01
25025081500,Guns,2012,11.39,2012-01-01
25025081500,Guns,2013,6.41,2013-01-01
25025081500,Guns,2014,7.58,2014-01-01
25025081500,Guns,2015,5.3,2015-01-01
25025081500,Guns,2016,5.3,2016-01-01
25025081500,Guns,2017,5.3,2017-01-01
25025081500,Guns,2018,11.01,2018-01-01
25025081500,Guns,2019,7.65,2019-01-01
25025081400,Guns,2010,0.74,2010-01-01
25025081400,Guns,2011,5.1,2011-01-01
25025081400,Guns,2012,2.74,2012-01-01
25025081400,Guns,2013,5.94,2013-01-01
25025081400,Guns,2014,6.17,2014-01-01
25025081400,Guns,2015,6.51,2015-01-01
25025081400,Guns,2016,7.88,2016-01-01
25025081400,Guns,2017,11.3,2017-01-01
25025081400,Guns,2018,6.51,2018-01-01
25025081400,Guns,2019,7.14,2019-01-01
25025081300,Guns,2010,0.58,2010-01-01
25025081300,Guns,2011,10.41,2011-01-01
25025081300,Guns,2012,5.21,2012-01-01
25025081300,Guns,2013,13.63,2013-01-01
25025081300,Guns,2014,12.26,2014-01-01
25025081300,Guns,2015,14.89,2015-01-01
25025081300,Guns,2016,14.35,2016-01-01
25025081300,Guns,2017,13.46,2017-01-01
25025081300,Guns,2018,10.95,2018-01-01
25025081300,Guns,2019,8.26,2019-01-01
25025110103,Guns,2010,0.68,2010-01-01
25025110103,Guns,2011,3.59,2011-01-01
25025110103,Guns,2012,3.69,2012-01-01
25025110103,Guns,2013,3.2,2013-01-01
25025110103,Guns,2014,2.14,2014-01-01
25025110103,Guns,2015,4.76,2015-01-01
25025110103,Guns,2016,2.54,2016-01-01
25025110103,Guns,2017,2.54,2017-01-01
25025110103,Guns,2018,1.59,2018-01-01
25025110103,Guns,2019,2.1,2019-01-01
25025110301,Guns,2010,0.39,2010-01-01
25025110301,Guns,2011,2.42,2011-01-01
25025110301,Guns,2012,2.76,2012-01-01
25025110301,Guns,2013,2.25,2013-01-01
25025110301,Guns,2014,1.84,2014-01-01
25025110301,Guns,2015,2.6,2015-01-01
25025110301,Guns,2016,2.23,2016-01-01
25025110301,Guns,2017,4.46,2017-01-01
25025110301,Guns,2018,2.6,2018-01-01
25025110301,Guns,2019,2.94,2019-01-01
25025140106,Guns,2010,0,2010-01-01
25025140106,Guns,2011,0,2011-01-01
25025140106,Guns,2012,1.1,2012-01-01
25025140106,Guns,2013,1.6,2013-01-01
25025140106,Guns,2014,1.05,2014-01-01
25025140106,Guns,2015,3.21,2015-01-01
25025140106,Guns,2016,2.75,2016-01-01
25025140106,Guns,2017,2.29,2017-01-01
25025140106,Guns,2018,0.92,2018-01-01
25025140106,Guns,2019,1.37,2019-01-01
25025010701,Guns,2010,0,2010-01-01
25025010701,Guns,2011,0.68,2011-01-01
25025010701,Guns,2012,0.68,2012-01-01
25025010701,Guns,2013,1.06,2013-01-01
25025010701,Guns,2014,1.43,2014-01-01
25025010701,Guns,2015,1.48,2015-01-01
25025010701,Guns,2016,1.11,2016-01-01
25025010701,Guns,2017,3.33,2017-01-01
25025010701,Guns,2018,1.85,2018-01-01
25025010701,Guns,2019,4.67,2019-01-01
25025010408,Guns,2010,0,2010-01-01
25025010408,Guns,2011,0.68,2011-01-01
25025010408,Guns,2012,1.33,2012-01-01
25025010408,Guns,2013,1.35,2013-01-01
25025010408,Guns,2014,2.13,2014-01-01
25025010408,Guns,2015,0.72,2015-01-01
25025010408,Guns,2016,0.72,2016-01-01
25025010408,Guns,2017,0.72,2017-01-01
25025010408,Guns,2018,0,2018-01-01
25025010408,Guns,2019,0,2019-01-01
25025000503,Guns,2010,0,2010-01-01
25025000503,Guns,2011,1.03,2011-01-01
25025000503,Guns,2012,0.53,2012-01-01
25025000503,Guns,2013,2.39,2013-01-01
25025000503,Guns,2014,0,2014-01-01
25025000503,Guns,2015,0.94,2015-01-01
25025000503,Guns,2016,0.94,2016-01-01
25025000503,Guns,2017,0.94,2017-01-01
25025000503,Guns,2018,0,2018-01-01
25025000503,Guns,2019,1,2019-01-01
25025081200,Guns,2010,0.57,2010-01-01
25025081200,Guns,2011,5.55,2011-01-01
25025081200,Guns,2012,11.9,2012-01-01
25025081200,Guns,2013,16.06,2013-01-01
25025081200,Guns,2014,11.42,2014-01-01
25025081200,Guns,2015,24.6,2015-01-01
25025081200,Guns,2016,20.69,2016-01-01
25025081200,Guns,2017,20.69,2017-01-01
25025081200,Guns,2018,12.3,2018-01-01
25025081200,Guns,2019,15.01,2019-01-01
25025081100,Guns,2010,0,2010-01-01
25025081100,Guns,2011,2.19,2011-01-01
25025081100,Guns,2012,2.85,2012-01-01
25025081100,Guns,2013,2.34,2013-01-01
25025081100,Guns,2014,4.33,2014-01-01
25025081100,Guns,2015,2.9,2015-01-01
25025081100,Guns,2016,4.35,2016-01-01
25025081100,Guns,2017,7.01,2017-01-01
25025081100,Guns,2018,3.14,2018-01-01
25025081100,Guns,2019,5.14,2019-01-01
25025080900,Guns,2010,0.58,2010-01-01
25025080900,Guns,2011,3.21,2011-01-01
25025080900,Guns,2012,2.67,2012-01-01
25025080900,Guns,2013,2.87,2013-01-01
25025080900,Guns,2014,3.22,2014-01-01
25025080900,Guns,2015,2.11,2015-01-01
25025080900,Guns,2016,2.38,2016-01-01
25025080900,Guns,2017,2.64,2017-01-01
25025080900,Guns,2018,0.53,2018-01-01
25025080900,Guns,2019,0.27,2019-01-01
25025080801,Guns,2010,0.58,2010-01-01
25025080801,Guns,2011,11,2011-01-01
25025080801,Guns,2012,6.5,2012-01-01
25025080801,Guns,2013,9.68,2013-01-01
25025080801,Guns,2014,9.77,2014-01-01
25025080801,Guns,2015,12.24,2015-01-01
25025080801,Guns,2016,7.79,2016-01-01
25025080801,Guns,2017,10.68,2017-01-01
25025080801,Guns,2018,6.9,2018-01-01
25025080801,Guns,2019,6.2,2019-01-01
25025080601,Guns,2010,0.59,2010-01-01
25025080601,Guns,2011,5.32,2011-01-01
25025080601,Guns,2012,6.04,2012-01-01
25025080601,Guns,2013,7.71,2013-01-01
25025080601,Guns,2014,8.62,2014-01-01
25025080601,Guns,2015,14.31,2015-01-01
25025080601,Guns,2016,13.61,2016-01-01
25025080601,Guns,2017,11.54,2017-01-01
25025080601,Guns,2018,6.46,2018-01-01
25025080601,Guns,2019,6.3,2019-01-01
25025080500,Guns,2010,1.52,2010-01-01
25025080500,Guns,2011,12.63,2011-01-01
25025080500,Guns,2012,14.64,2012-01-01
25025080500,Guns,2013,14.3,2013-01-01
25025080500,Guns,2014,9.39,2014-01-01
25025080500,Guns,2015,12.17,2015-01-01
25025080500,Guns,2016,13.77,2016-01-01
25025080500,Guns,2017,9.93,2017-01-01
25025080500,Guns,2018,4.16,2018-01-01
25025080500,Guns,2019,5.29,2019-01-01
25025080401,Guns,2010,1.99,2010-01-01
25025080401,Guns,2011,5.11,2011-01-01
25025080401,Guns,2012,5.64,2012-01-01
25025080401,Guns,2013,10.35,2013-01-01
25025080401,Guns,2014,14.06,2014-01-01
25025080401,Guns,2015,16.82,2015-01-01
25025080401,Guns,2016,15.53,2016-01-01
25025080401,Guns,2017,21.03,2017-01-01
25025080401,Guns,2018,11.32,2018-01-01
25025080401,Guns,2019,10.11,2019-01-01
25025080300,Guns,2010,4.15,2010-01-01
25025080300,Guns,2011,10.81,2011-01-01
25025080300,Guns,2012,9.76,2012-01-01
25025080300,Guns,2013,23.18,2013-01-01
25025080300,Guns,2014,18.8,2014-01-01
25025080300,Guns,2015,19.64,2015-01-01
25025080300,Guns,2016,12.38,2016-01-01
25025080300,Guns,2017,17.51,2017-01-01
25025080300,Guns,2018,12.38,2018-01-01
25025080300,Guns,2019,8.62,2019-01-01
25025071101,Guns,2010,1.79,2010-01-01
25025071101,Guns,2011,8.6,2011-01-01
25025071101,Guns,2012,7.7,2012-01-01
25025071101,Guns,2013,10.82,2013-01-01
25025071101,Guns,2014,11.08,2014-01-01
25025071101,Guns,2015,10.03,2015-01-01
25025071101,Guns,2016,12.9,2016-01-01
25025071101,Guns,2017,12.9,2017-01-01
25025071101,Guns,2018,12.66,2018-01-01
25025071101,Guns,2019,9.79,2019-01-01
25025070900,Guns,2010,0.67,2010-01-01
25025070900,Guns,2011,2.7,2011-01-01
25025070900,Guns,2012,4.99,2012-01-01
25025070900,Guns,2013,3.17,2013-01-01
25025070900,Guns,2014,8.24,2014-01-01
25025070900,Guns,2015,9.78,2015-01-01
25025070900,Guns,2016,7.75,2016-01-01
25025070900,Guns,2017,10.11,2017-01-01
25025070900,Guns,2018,2.36,2018-01-01
25025070900,Guns,2019,5.7,2019-01-01
25025140107,Guns,2010,0,2010-01-01
25025140107,Guns,2011,3.08,2011-01-01
25025140107,Guns,2012,1.04,2012-01-01
25025140107,Guns,2013,1.72,2013-01-01
25025140107,Guns,2014,1.97,2014-01-01
25025140107,Guns,2015,0.74,2015-01-01
25025140107,Guns,2016,1.12,2016-01-01
25025140107,Guns,2017,3.72,2017-01-01
25025140107,Guns,2018,1.49,2018-01-01
25025140107,Guns,2019,4.36,2019-01-01
25025130404,Guns,2010,0.34,2010-01-01
25025130404,Guns,2011,0.98,2011-01-01
25025130404,Guns,2012,0.3,2012-01-01
25025130404,Guns,2013,3.6,2013-01-01
25025130404,Guns,2014,1.87,2014-01-01
25025130404,Guns,2015,1.53,2015-01-01
25025130404,Guns,2016,1.53,2016-01-01
25025130404,Guns,2017,1.53,2017-01-01
25025130404,Guns,2018,0,2018-01-01
25025130404,Guns,2019,0.87,2019-01-01
25025130406,Guns,2010,0,2010-01-01
25025130406,Guns,2011,2.61,2011-01-01
25025130406,Guns,2012,1.13,2012-01-01
25025130406,Guns,2013,1.85,2013-01-01
25025130406,Guns,2014,1.77,2014-01-01
25025130406,Guns,2015,0.83,2015-01-01
25025130406,Guns,2016,1.66,2016-01-01
25025130406,Guns,2017,1.16,2017-01-01
25025130406,Guns,2018,0.5,2018-01-01
25025130406,Guns,2019,0.79,2019-01-01
25025120103,Guns,2010,0,2010-01-01
25025120103,Guns,2011,0.63,2011-01-01
25025120103,Guns,2012,0,2012-01-01
25025120103,Guns,2013,0.62,2013-01-01
25025120103,Guns,2014,1.81,2014-01-01
25025120103,Guns,2015,5.29,2015-01-01
25025120103,Guns,2016,0.59,2016-01-01
25025120103,Guns,2017,0,2017-01-01
25025120103,Guns,2018,5.29,2018-01-01
25025120103,Guns,2019,1.8,2019-01-01
25025100700,Guns,2010,0.69,2010-01-01
25025100700,Guns,2011,2.05,2011-01-01
25025100700,Guns,2012,0.67,2012-01-01
25025100700,Guns,2013,1.14,2013-01-01
25025100700,Guns,2014,1.34,2014-01-01
25025100700,Guns,2015,0.45,2015-01-01
25025100700,Guns,2016,0.91,2016-01-01
25025100700,Guns,2017,1.81,2017-01-01
25025100700,Guns,2018,1.13,2018-01-01
25025100700,Guns,2019,0.46,2019-01-01
25025100603,Guns,2010,0,2010-01-01
25025100603,Guns,2011,4.19,2011-01-01
25025100603,Guns,2012,1.96,2012-01-01
25025100603,Guns,2013,0.98,2013-01-01
25025100603,Guns,2014,1.93,2014-01-01
25025100603,Guns,2015,4.3,2015-01-01
25025100603,Guns,2016,0.48,2016-01-01
25025100603,Guns,2017,4.3,2017-01-01
25025100603,Guns,2018,1.91,2018-01-01
25025100603,Guns,2019,3.04,2019-01-01
25025092101,Guns,2010,1.33,2010-01-01
25025092101,Guns,2011,5.76,2011-01-01
25025092101,Guns,2012,3.42,2012-01-01
25025092101,Guns,2013,5.35,2013-01-01
25025092101,Guns,2014,7.7,2014-01-01
25025092101,Guns,2015,3.36,2015-01-01
25025092101,Guns,2016,4.9,2016-01-01
25025092101,Guns,2017,5.74,2017-01-01
25025092101,Guns,2018,4.06,2018-01-01
25025092101,Guns,2019,3.76,2019-01-01
25025061101,Guns,2010,0.91,2010-01-01
25025061101,Guns,2011,3.34,2011-01-01
25025061101,Guns,2012,5.29,2012-01-01
25025061101,Guns,2013,5.54,2013-01-01
25025061101,Guns,2014,6.33,2014-01-01
25025061101,Guns,2015,11.49,2015-01-01
25025061101,Guns,2016,12.37,2016-01-01
25025061101,Guns,2017,11.93,2017-01-01
25025061101,Guns,2018,10.16,2018-01-01
25025061101,Guns,2019,9.57,2019-01-01
25025070800,Guns,2010,0.27,2010-01-01
25025070800,Guns,2011,3.51,2011-01-01
25025070800,Guns,2012,3.25,2012-01-01
25025070800,Guns,2013,4.3,2013-01-01
25025070800,Guns,2014,6.44,2014-01-01
25025070800,Guns,2015,4.06,2015-01-01
25025070800,Guns,2016,1.45,2016-01-01
25025070800,Guns,2017,1.45,2017-01-01
25025070800,Guns,2018,3.19,2018-01-01
25025070800,Guns,2019,2.24,2019-01-01
25025070700,Guns,2010,0,2010-01-01
25025070700,Guns,2011,2.49,2011-01-01
25025070700,Guns,2012,1.34,2012-01-01
25025070700,Guns,2013,3.37,2013-01-01
25025070700,Guns,2014,2.19,2014-01-01
25025070700,Guns,2015,1.08,2015-01-01
25025070700,Guns,2016,2.52,2016-01-01
25025070700,Guns,2017,1.08,2017-01-01
25025070700,Guns,2018,2.52,2018-01-01
25025070700,Guns,2019,2.19,2019-01-01
25025070600,Guns,2010,0,2010-01-01
25025070600,Guns,2011,1.3,2011-01-01
25025070600,Guns,2012,1.68,2012-01-01
25025070600,Guns,2013,2.15,2013-01-01
25025070600,Guns,2014,2.41,2014-01-01
25025070600,Guns,2015,3.59,2015-01-01
25025070600,Guns,2016,2.39,2016-01-01
25025070600,Guns,2017,0.4,2017-01-01
25025070600,Guns,2018,1.2,2018-01-01
25025070600,Guns,2019,2.34,2019-01-01
25025070500,Guns,2010,0.16,2010-01-01
25025070500,Guns,2011,2.79,2011-01-01
25025070500,Guns,2012,3.86,2012-01-01
25025070500,Guns,2013,6.76,2013-01-01
25025070500,Guns,2014,7.3,2014-01-01
25025070500,Guns,2015,6.94,2015-01-01
25025070500,Guns,2016,7.79,2016-01-01
25025070500,Guns,2017,2.88,2017-01-01
25025070500,Guns,2018,2.2,2018-01-01
25025070500,Guns,2019,3.29,2019-01-01
25025070300,Guns,2010,0.45,2010-01-01
25025070300,Guns,2011,0.91,2011-01-01
25025070300,Guns,2012,0.22,2012-01-01
25025070300,Guns,2013,1.61,2013-01-01
25025070300,Guns,2014,0.44,2014-01-01
25025070300,Guns,2015,1.12,2015-01-01
25025070300,Guns,2016,1.12,2016-01-01
25025070300,Guns,2017,2.69,2017-01-01
25025070300,Guns,2018,1.35,2018-01-01
25025070300,Guns,2019,1.34,2019-01-01
25025070200,Guns,2010,0.19,2010-01-01
25025070200,Guns,2011,3.26,2011-01-01
25025070200,Guns,2012,3.3,2012-01-01
25025070200,Guns,2013,2.1,2013-01-01
25025070200,Guns,2014,2.66,2014-01-01
25025070200,Guns,2015,2.36,2015-01-01
25025070200,Guns,2016,2.54,2016-01-01
25025070200,Guns,2017,4,2017-01-01
25025070200,Guns,2018,3.45,2018-01-01
25025070200,Guns,2019,2.67,2019-01-01
25025070101,Guns,2010,0.36,2010-01-01
25025070101,Guns,2011,3.04,2011-01-01
25025070101,Guns,2012,2.73,2012-01-01
25025070101,Guns,2013,7.06,2013-01-01
25025070101,Guns,2014,6.76,2014-01-01
25025070101,Guns,2015,7.08,2015-01-01
25025070101,Guns,2016,8.93,2016-01-01
25025070101,Guns,2017,10.62,2017-01-01
25025070101,Guns,2018,9.08,2018-01-01
25025070101,Guns,2019,5.09,2019-01-01
25025061200,Guns,2010,0.59,2010-01-01
25025061200,Guns,2011,1.54,2011-01-01
25025061200,Guns,2012,3.18,2012-01-01
25025061200,Guns,2013,4.51,2013-01-01
25025061200,Guns,2014,2.05,2014-01-01
25025061200,Guns,2015,3.52,2015-01-01
25025061200,Guns,2016,1.64,2016-01-01
25025061200,Guns,2017,3.28,2017-01-01
25025061200,Guns,2018,6.1,2018-01-01
25025061200,Guns,2019,3.9,2019-01-01
25025061000,Guns,2010,0.3,2010-01-01
25025061000,Guns,2011,0.6,2011-01-01
25025061000,Guns,2012,2.47,2012-01-01
25025061000,Guns,2013,3.45,2013-01-01
25025061000,Guns,2014,1.91,2014-01-01
25025061000,Guns,2015,3.64,2015-01-01
25025061000,Guns,2016,3.04,2016-01-01
25025061000,Guns,2017,10.02,2017-01-01
25025061000,Guns,2018,6.68,2018-01-01
25025061000,Guns,2019,2.79,2019-01-01
25025060800,Guns,2010,0,2010-01-01
25025060800,Guns,2011,0.67,2011-01-01
25025060800,Guns,2012,0.66,2012-01-01
25025060800,Guns,2013,1.76,2013-01-01
25025060800,Guns,2014,0.45,2014-01-01
25025060800,Guns,2015,3.2,2015-01-01
25025060800,Guns,2016,1.83,2016-01-01
25025060800,Guns,2017,3.43,2017-01-01
25025060800,Guns,2018,4.12,2018-01-01
25025060800,Guns,2019,1.62,2019-01-01
25025060700,Guns,2010,0,2010-01-01
25025060700,Guns,2011,2.12,2011-01-01
25025060700,Guns,2012,6.14,2012-01-01
25025060700,Guns,2013,3.13,2013-01-01
25025060700,Guns,2014,5.07,2014-01-01
25025060700,Guns,2015,9.53,2015-01-01
25025060700,Guns,2016,3.81,2016-01-01
25025060700,Guns,2017,21.34,2017-01-01
25025060700,Guns,2018,15.62,2018-01-01
25025060700,Guns,2019,3.06,2019-01-01
25025080100,Guns,2010,1.67,2010-01-01
25025080100,Guns,2011,5.97,2011-01-01
25025080100,Guns,2012,6.63,2012-01-01
25025080100,Guns,2013,15.28,2013-01-01
25025080100,Guns,2014,8.66,2014-01-01
25025080100,Guns,2015,11.75,2015-01-01
25025080100,Guns,2016,18.72,2016-01-01
25025080100,Guns,2017,13.22,2017-01-01
25025080100,Guns,2018,23.13,2018-01-01
25025080100,Guns,2019,12.27,2019-01-01
25025060301,Guns,2010,0.33,2010-01-01
25025060301,Guns,2011,0.97,2011-01-01
25025060301,Guns,2012,0.63,2012-01-01
25025060301,Guns,2013,0,2013-01-01
25025060301,Guns,2014,0.29,2014-01-01
25025060301,Guns,2015,1.4,2015-01-01
25025060301,Guns,2016,0.56,2016-01-01
25025060301,Guns,2017,0,2017-01-01
25025060301,Guns,2018,0.84,2018-01-01
25025060301,Guns,2019,0,2019-01-01
25025090901,Guns,2010,0,2010-01-01
25025090901,Guns,2011,2.3,2011-01-01
25025090901,Guns,2012,1.89,2012-01-01
25025090901,Guns,2013,1.04,2013-01-01
25025090901,Guns,2014,2.3,2014-01-01
25025090901,Guns,2015,1.04,2015-01-01
25025090901,Guns,2016,1.82,2016-01-01
25025090901,Guns,2017,1.56,2017-01-01
25025090901,Guns,2018,1.82,2018-01-01
25025090901,Guns,2019,1.32,2019-01-01
25025060101,Guns,2010,0,2010-01-01
25025060101,Guns,2011,1.1,2011-01-01
25025060101,Guns,2012,0,2012-01-01
25025060101,Guns,2013,0.26,2013-01-01
25025060101,Guns,2014,1.11,2014-01-01
25025060101,Guns,2015,1.1,2015-01-01
25025060101,Guns,2016,0.28,2016-01-01
25025060101,Guns,2017,0,2017-01-01
25025060101,Guns,2018,0.28,2018-01-01
25025060101,Guns,2019,0.57,2019-01-01
25025060600,Guns,2010,0,2010-01-01
25025060600,Guns,2011,2.44,2011-01-01
25025060600,Guns,2012,0.39,2012-01-01
25025060600,Guns,2013,2.99,2013-01-01
25025060600,Guns,2014,0.69,2014-01-01
25025060600,Guns,2015,1.24,2015-01-01
25025060600,Guns,2016,1.86,2016-01-01
25025060600,Guns,2017,3.11,2017-01-01
25025060600,Guns,2018,2.49,2018-01-01
25025060600,Guns,2019,1.38,2019-01-01
25025060400,Guns,2010,0,2010-01-01
25025060400,Guns,2011,0.4,2011-01-01
25025060400,Guns,2012,0.19,2012-01-01
25025060400,Guns,2013,0.56,2013-01-01
25025060400,Guns,2014,0.9,2014-01-01
25025060400,Guns,2015,0.53,2015-01-01
25025060400,Guns,2016,0.35,2016-01-01
25025060400,Guns,2017,0.71,2017-01-01
25025060400,Guns,2018,1.06,2018-01-01
25025060400,Guns,2019,1.06,2019-01-01
25025060200,Guns,2010,0,2010-01-01
25025060200,Guns,2011,0.95,2011-01-01
25025060200,Guns,2012,0.89,2012-01-01
25025060200,Guns,2013,0,2013-01-01
25025060200,Guns,2014,0.83,2014-01-01
25025060200,Guns,2015,0,2015-01-01
25025060200,Guns,2016,0,2016-01-01
25025060200,Guns,2017,0.86,2017-01-01
25025060200,Guns,2018,1.29,2018-01-01
25025060200,Guns,2019,0.44,2019-01-01
25025050700,Guns,2010,0,2010-01-01
25025050700,Guns,2011,0.62,2011-01-01
25025050700,Guns,2012,1.01,2012-01-01
25025050700,Guns,2013,1.69,2013-01-01
25025050700,Guns,2014,1.83,2014-01-01
25025050700,Guns,2015,0.89,2015-01-01
25025050700,Guns,2016,0.89,2016-01-01
25025050700,Guns,2017,0.89,2017-01-01
25025050700,Guns,2018,0.72,2018-01-01
25025050700,Guns,2019,0.36,2019-01-01
25025050600,Guns,2010,0.46,2010-01-01
25025050600,Guns,2011,1.22,2011-01-01
25025050600,Guns,2012,1.26,2012-01-01
25025050600,Guns,2013,2.62,2013-01-01
25025050600,Guns,2014,2.36,2014-01-01
25025050600,Guns,2015,3.74,2015-01-01
25025050600,Guns,2016,2.08,2016-01-01
25025050600,Guns,2017,0.42,2017-01-01
25025050600,Guns,2018,0.83,2018-01-01
25025050600,Guns,2019,2.02,2019-01-01
25025050500,Guns,2010,0,2010-01-01
25025050500,Guns,2011,1.02,2011-01-01
25025050500,Guns,2012,0.91,2012-01-01
25025050500,Guns,2013,0.87,2013-01-01
25025050500,Guns,2014,0.81,2014-01-01
25025050500,Guns,2015,0,2015-01-01
25025050500,Guns,2016,0.8,2016-01-01
25025050500,Guns,2017,0.4,2017-01-01
25025050500,Guns,2018,0.8,2018-01-01
25025050500,Guns,2019,0.43,2019-01-01
25025050400,Guns,2010,0,2010-01-01
25025050400,Guns,2011,3.02,2011-01-01
25025050400,Guns,2012,1.6,2012-01-01
25025050400,Guns,2013,3.28,2013-01-01
25025050400,Guns,2014,1.17,2014-01-01
25025050400,Guns,2015,1.95,2015-01-01
25025050400,Guns,2016,4.3,2016-01-01
25025050400,Guns,2017,1.17,2017-01-01
25025050400,Guns,2018,2.73,2018-01-01
25025050400,Guns,2019,1.21,2019-01-01
25025050300,Guns,2010,0,2010-01-01
25025050300,Guns,2011,1.37,2011-01-01
25025050300,Guns,2012,2.54,2012-01-01
25025050300,Guns,2013,5.6,2013-01-01
25025050300,Guns,2014,6.07,2014-01-01
25025050300,Guns,2015,7.87,2015-01-01
25025050300,Guns,2016,6.56,2016-01-01
25025050300,Guns,2017,5.68,2017-01-01
25025050300,Guns,2018,4.37,2018-01-01
25025050300,Guns,2019,1.61,2019-01-01
25025050200,Guns,2010,0.2,2010-01-01
25025050200,Guns,2011,1.83,2011-01-01
25025050200,Guns,2012,2.01,2012-01-01
25025050200,Guns,2013,1.32,2013-01-01
25025050200,Guns,2014,2.55,2014-01-01
25025050200,Guns,2015,1.8,2015-01-01
25025050200,Guns,2016,1.8,2016-01-01
25025050200,Guns,2017,1.14,2017-01-01
25025050200,Guns,2018,1.47,2018-01-01
25025050200,Guns,2019,0.71,2019-01-01
25025040300,Guns,2010,0.48,2010-01-01
25025040300,Guns,2011,2.64,2011-01-01
25025040300,Guns,2012,2.39,2012-01-01
25025040300,Guns,2013,3.47,2013-01-01
25025040300,Guns,2014,5.75,2014-01-01
25025040300,Guns,2015,2.39,2015-01-01
25025040300,Guns,2016,0.48,2016-01-01
25025040300,Guns,2017,0.95,2017-01-01
25025040300,Guns,2018,1.67,2018-01-01
25025040300,Guns,2019,1.11,2019-01-01
25025040200,Guns,2010,1.61,2010-01-01
25025040200,Guns,2011,1.7,2011-01-01
25025040200,Guns,2012,3.66,2012-01-01
25025040200,Guns,2013,4.35,2013-01-01
25025040200,Guns,2014,4.17,2014-01-01
25025040200,Guns,2015,1.04,2015-01-01
25025040200,Guns,2016,2.6,2016-01-01
25025040200,Guns,2017,2.6,2017-01-01
25025040200,Guns,2018,3.12,2018-01-01
25025040200,Guns,2019,2.45,2019-01-01
25025030500,Guns,2010,0,2010-01-01
25025030500,Guns,2011,0,2011-01-01
25025030500,Guns,2012,0.74,2012-01-01
25025030500,Guns,2013,0.38,2013-01-01
25025030500,Guns,2014,0,2014-01-01
25025030500,Guns,2015,0.39,2015-01-01
25025030500,Guns,2016,0.39,2016-01-01
25025030500,Guns,2017,0.39,2017-01-01
25025030500,Guns,2018,0.39,2018-01-01
25025030500,Guns,2019,0.4,2019-01-01
25025051101,Guns,2010,0.31,2010-01-01
25025051101,Guns,2011,1.89,2011-01-01
25025051101,Guns,2012,1.41,2012-01-01
25025051101,Guns,2013,2.01,2013-01-01
25025051101,Guns,2014,1.97,2014-01-01
25025051101,Guns,2015,1.78,2015-01-01
25025051101,Guns,2016,0.96,2016-01-01
25025051101,Guns,2017,2.46,2017-01-01
25025051101,Guns,2018,0.68,2018-01-01
25025051101,Guns,2019,1.2,2019-01-01
25025051000,Guns,2010,0.23,2010-01-01
25025051000,Guns,2011,0.92,2011-01-01
25025051000,Guns,2012,0.86,2012-01-01
25025051000,Guns,2013,0.66,2013-01-01
25025051000,Guns,2014,0.9,2014-01-01
25025051000,Guns,2015,0.86,2015-01-01
25025051000,Guns,2016,0.64,2016-01-01
25025051000,Guns,2017,1.5,2017-01-01
25025051000,Guns,2018,0.64,2018-01-01
25025051000,Guns,2019,0.41,2019-01-01
25025030400,Guns,2010,0,2010-01-01
25025030400,Guns,2011,0.42,2011-01-01
25025030400,Guns,2012,0.39,2012-01-01
25025030400,Guns,2013,0,2013-01-01
25025030400,Guns,2014,1.41,2014-01-01
25025030400,Guns,2015,0.73,2015-01-01
25025030400,Guns,2016,0.73,2016-01-01
25025030400,Guns,2017,0.36,2017-01-01
25025030400,Guns,2018,0.36,2018-01-01
25025030400,Guns,2019,0.37,2019-01-01
25025030300,Guns,2010,0.19,2010-01-01
25025030300,Guns,2011,1.85,2011-01-01
25025030300,Guns,2012,0.92,2012-01-01
25025030300,Guns,2013,2.18,2013-01-01
25025030300,Guns,2014,2.7,2014-01-01
25025030300,Guns,2015,4.84,2015-01-01
25025030300,Guns,2016,3.94,2016-01-01
25025030300,Guns,2017,3.58,2017-01-01
25025030300,Guns,2018,3.4,2018-01-01
25025030300,Guns,2019,3.06,2019-01-01
25025030200,Guns,2010,0,2010-01-01
25025030200,Guns,2011,0,2011-01-01
25025030200,Guns,2012,0,2012-01-01
25025030200,Guns,2013,1.15,2013-01-01
25025030200,Guns,2014,0.59,2014-01-01
25025030200,Guns,2015,1.18,2015-01-01
25025030200,Guns,2016,1.18,2016-01-01
25025030200,Guns,2017,1.77,2017-01-01
25025030200,Guns,2018,1.77,2018-01-01
25025030200,Guns,2019,1.65,2019-01-01
25025030100,Guns,2010,0,2010-01-01
25025030100,Guns,2011,0.99,2011-01-01
25025030100,Guns,2012,0.46,2012-01-01
25025030100,Guns,2013,2.32,2013-01-01
25025030100,Guns,2014,0.91,2014-01-01
25025030100,Guns,2015,0.44,2015-01-01
25025030100,Guns,2016,0.44,2016-01-01
25025030100,Guns,2017,0.44,2017-01-01
25025030100,Guns,2018,1.33,2018-01-01
25025030100,Guns,2019,0.43,2019-01-01
25025020200,Guns,2010,0,2010-01-01
25025020200,Guns,2011,0.26,2011-01-01
25025020200,Guns,2012,0.77,2012-01-01
25025020200,Guns,2013,0.26,2013-01-01
25025020200,Guns,2014,0,2014-01-01
25025020200,Guns,2015,0.26,2015-01-01
25025020200,Guns,2016,1.06,2016-01-01
25025020200,Guns,2017,1.06,2017-01-01
25025020200,Guns,2018,0.26,2018-01-01
25025020200,Guns,2019,0,2019-01-01
25025010600,Guns,2010,0.35,2010-01-01
25025010600,Guns,2011,2.19,2011-01-01
25025010600,Guns,2012,1.06,2012-01-01
25025010600,Guns,2013,1.65,2013-01-01
25025010600,Guns,2014,3.5,2014-01-01
25025010600,Guns,2015,5.12,2015-01-01
25025010600,Guns,2016,4.16,2016-01-01
25025010600,Guns,2017,4.48,2017-01-01
25025010600,Guns,2018,5.76,2018-01-01
25025010600,Guns,2019,4.77,2019-01-01
25025010500,Guns,2010,0,2010-01-01
25025010500,Guns,2011,0,2011-01-01
25025010500,Guns,2012,0.6,2012-01-01
25025010500,Guns,2013,1.8,2013-01-01
25025010500,Guns,2014,0.91,2014-01-01
25025010500,Guns,2015,2.06,2015-01-01
25025010500,Guns,2016,1.47,2016-01-01
25025010500,Guns,2017,1.47,2017-01-01
25025010500,Guns,2018,3.24,2018-01-01
25025010500,Guns,2019,1.99,2019-01-01
25025010300,Guns,2010,0,2010-01-01
25025010300,Guns,2011,0.59,2011-01-01
25025010300,Guns,2012,0.19,2012-01-01
25025010300,Guns,2013,0.38,2013-01-01
25025010300,Guns,2014,0,2014-01-01
25025010300,Guns,2015,0.56,2015-01-01
25025010300,Guns,2016,0.56,2016-01-01
25025010300,Guns,2017,0.37,2017-01-01
25025010300,Guns,2018,0.56,2018-01-01
25025010300,Guns,2019,0,2019-01-01
25025000802,Guns,2010,0.25,2010-01-01
25025000802,Guns,2011,1.58,2011-01-01
25025000802,Guns,2012,2.35,2012-01-01
25025000802,Guns,2013,3.51,2013-01-01
25025000802,Guns,2014,2.13,2014-01-01
25025000802,Guns,2015,2.12,2015-01-01
25025000802,Guns,2016,3.49,2016-01-01
25025000802,Guns,2017,3.03,2017-01-01
25025000802,Guns,2018,3.18,2018-01-01
25025000802,Guns,2019,2.55,2019-01-01
25025000701,Guns,2010,0,2010-01-01
25025000701,Guns,2011,2.63,2011-01-01
25025000701,Guns,2012,2.02,2012-01-01
25025000701,Guns,2013,2.38,2013-01-01
25025000701,Guns,2014,0.51,2014-01-01
25025000701,Guns,2015,0.7,2015-01-01
25025000701,Guns,2016,1.16,2016-01-01
25025000701,Guns,2017,0.47,2017-01-01
25025000701,Guns,2018,0,2018-01-01
25025000701,Guns,2019,0.42,2019-01-01
25025050101,Guns,2010,0.19,2010-01-01
25025050101,Guns,2011,1.52,2011-01-01
25025050101,Guns,2012,0.9,2012-01-01
25025050101,Guns,2013,1.09,2013-01-01
25025050101,Guns,2014,2.94,2014-01-01
25025050101,Guns,2015,1.68,2015-01-01
25025050101,Guns,2016,1.31,2016-01-01
25025050101,Guns,2017,1.31,2017-01-01
25025050101,Guns,2018,3.17,2018-01-01
25025050101,Guns,2019,1.8,2019-01-01
25025050901,Guns,2010,0.44,2010-01-01
25025050901,Guns,2011,1.83,2011-01-01
25025050901,Guns,2012,2.42,2012-01-01
25025050901,Guns,2013,1.27,2013-01-01
25025050901,Guns,2014,2.34,2014-01-01
25025050901,Guns,2015,1.99,2015-01-01
25025050901,Guns,2016,3.32,2016-01-01
25025050901,Guns,2017,2.21,2017-01-01
25025050901,Guns,2018,2.43,2018-01-01
25025050901,Guns,2019,1.52,2019-01-01
25025060501,Guns,2010,0,2010-01-01
25025060501,Guns,2011,0.81,2011-01-01
25025060501,Guns,2012,0.79,2012-01-01
25025060501,Guns,2013,1.48,2013-01-01
25025060501,Guns,2014,0.97,2014-01-01
25025060501,Guns,2015,1.43,2015-01-01
25025060501,Guns,2016,0.71,2016-01-01
25025060501,Guns,2017,0.95,2017-01-01
25025060501,Guns,2018,1.19,2018-01-01
25025060501,Guns,2019,0.25,2019-01-01
25025040100,Guns,2010,0,2010-01-01
25025040100,Guns,2011,0.88,2011-01-01
25025040100,Guns,2012,0.43,2012-01-01
25025040100,Guns,2013,1.67,2013-01-01
25025040100,Guns,2014,1.2,2014-01-01
25025040100,Guns,2015,0.41,2015-01-01
25025040100,Guns,2016,0.81,2016-01-01
25025040100,Guns,2017,0.81,2017-01-01
25025040100,Guns,2018,0.41,2018-01-01
25025040100,Guns,2019,0.41,2019-01-01
25025040600,Guns,2010,0,2010-01-01
25025040600,Guns,2011,0.35,2011-01-01
25025040600,Guns,2012,1.05,2012-01-01
25025040600,Guns,2013,2.44,2013-01-01
25025040600,Guns,2014,0,2014-01-01
25025040600,Guns,2015,1.3,2015-01-01
25025040600,Guns,2016,1.95,2016-01-01
25025040600,Guns,2017,1.62,2017-01-01
25025040600,Guns,2018,2.27,2018-01-01
25025040600,Guns,2019,1.96,2019-01-01
25025000602,Guns,2010,0,2010-01-01
25025000602,Guns,2011,1.6,2011-01-01
25025000602,Guns,2012,2.61,2012-01-01
25025000602,Guns,2013,6.24,2013-01-01
25025000602,Guns,2014,2.24,2014-01-01
25025000602,Guns,2015,3.59,2015-01-01
25025000602,Guns,2016,3.85,2016-01-01
25025000602,Guns,2017,2.31,2017-01-01
25025000602,Guns,2018,3.34,2018-01-01
25025000602,Guns,2019,3.56,2019-01-01
25025000601,Guns,2010,0,2010-01-01
25025000601,Guns,2011,0.33,2011-01-01
25025000601,Guns,2012,0.31,2012-01-01
25025000601,Guns,2013,1.82,2013-01-01
25025000601,Guns,2014,1.42,2014-01-01
25025000601,Guns,2015,1.05,2015-01-01
25025000601,Guns,2016,1.05,2016-01-01
25025000601,Guns,2017,0.79,2017-01-01
25025000601,Guns,2018,1.84,2018-01-01
25025000601,Guns,2019,0.75,2019-01-01
25025000502,Guns,2010,0.2,2010-01-01
25025000502,Guns,2011,0.39,2011-01-01
25025000502,Guns,2012,0.72,2012-01-01
25025000502,Guns,2013,0.16,2013-01-01
25025000502,Guns,2014,0.34,2014-01-01
25025000502,Guns,2015,0.17,2015-01-01
25025000502,Guns,2016,0.85,2016-01-01
25025000502,Guns,2017,0.34,2017-01-01
25025000502,Guns,2018,0,2018-01-01
25025000502,Guns,2019,0.86,2019-01-01
25025000402,Guns,2010,0,2010-01-01
25025000402,Guns,2011,0,2011-01-01
25025000402,Guns,2012,2.92,2012-01-01
25025000402,Guns,2013,1.57,2013-01-01
25025000402,Guns,2014,0,2014-01-01
25025000402,Guns,2015,0.29,2015-01-01
25025000402,Guns,2016,0.87,2016-01-01
25025000402,Guns,2017,0.58,2017-01-01
25025000402,Guns,2018,0,2018-01-01
25025000402,Guns,2019,0,2019-01-01
25025000401,Guns,2010,0.19,2010-01-01
25025000401,Guns,2011,0.96,2011-01-01
25025000401,Guns,2012,1.77,2012-01-01
25025000401,Guns,2013,0.57,2013-01-01
25025000401,Guns,2014,0.78,2014-01-01
25025000401,Guns,2015,0.59,2015-01-01
25025000401,Guns,2016,1.17,2016-01-01
25025000401,Guns,2017,1.17,2017-01-01
25025000401,Guns,2018,0.39,2018-01-01
25025000401,Guns,2019,0,2019-01-01
25025000202,Guns,2010,0.82,2010-01-01
25025000202,Guns,2011,2.02,2011-01-01
25025000202,Guns,2012,1.72,2012-01-01
25025000202,Guns,2013,3.07,2013-01-01
25025000202,Guns,2014,2.43,2014-01-01
25025000202,Guns,2015,0.75,2015-01-01
25025000202,Guns,2016,4.02,2016-01-01
25025000202,Guns,2017,1.76,2017-01-01
25025000202,Guns,2018,3.52,2018-01-01
25025000202,Guns,2019,1.17,2019-01-01
25025000201,Guns,2010,0,2010-01-01
25025000201,Guns,2011,1.6,2011-01-01
25025000201,Guns,2012,0.65,2012-01-01
25025000201,Guns,2013,0.91,2013-01-01
25025000201,Guns,2014,0.28,2014-01-01
25025000201,Guns,2015,0.78,2015-01-01
25025000201,Guns,2016,0.52,2016-01-01
25025000201,Guns,2017,0,2017-01-01
25025000201,Guns,2018,1.81,2018-01-01
25025000201,Guns,2019,0.25,2019-01-01
25025040401,Guns,2010,0.35,2010-01-01
25025040401,Guns,2011,1.17,2011-01-01
25025040401,Guns,2012,0.8,2012-01-01
25025040401,Guns,2013,2.38,2013-01-01
25025040401,Guns,2014,2.3,2014-01-01
25025040401,Guns,2015,1.45,2015-01-01
25025040401,Guns,2016,2.18,2016-01-01
25025040401,Guns,2017,2.18,2017-01-01
25025040401,Guns,2018,0.73,2018-01-01
25025040401,Guns,2019,0.68,2019-01-01
25025020303,Guns,2010,0,2010-01-01
25025020303,Guns,2011,1.6,2011-01-01
25025020303,Guns,2012,0.86,2012-01-01
25025020303,Guns,2013,2.24,2013-01-01
25025020303,Guns,2014,1.35,2014-01-01
25025020303,Guns,2015,2.1,2015-01-01
25025020303,Guns,2016,1.31,2016-01-01
25025020303,Guns,2017,2.88,2017-01-01
25025020303,Guns,2018,2.36,2018-01-01
25025020303,Guns,2019,2.09,2019-01-01
25025070402,Guns,2010,0,2010-01-01
25025070402,Guns,2011,3.49,2011-01-01
25025070402,Guns,2012,1.81,2012-01-01
25025070402,Guns,2013,0,2013-01-01
25025070402,Guns,2014,2.11,2014-01-01
25025070402,Guns,2015,2.72,2015-01-01
25025070402,Guns,2016,2.27,2016-01-01
25025070402,Guns,2017,2.27,2017-01-01
25025070402,Guns,2018,2.72,2018-01-01
25025070402,Guns,2019,1.25,2019-01-01
25025020302,Guns,2010,1.66,2010-01-01
25025020302,Guns,2011,2.49,2011-01-01
25025020302,Guns,2012,0,2012-01-01
25025020302,Guns,2013,2.01,2013-01-01
25025020302,Guns,2014,0.99,2014-01-01
25025020302,Guns,2015,0.95,2015-01-01
25025020302,Guns,2016,0,2016-01-01
25025020302,Guns,2017,3.8,2017-01-01
25025020302,Guns,2018,0,2018-01-01
25025020302,Guns,2019,1.02,2019-01-01
25025020301,Guns,2010,0,2010-01-01
25025020301,Guns,2011,0.44,2011-01-01
25025020301,Guns,2012,1.53,2012-01-01
25025020301,Guns,2013,2.11,2013-01-01
25025020301,Guns,2014,3.39,2014-01-01
25025020301,Guns,2015,1.27,2015-01-01
25025020301,Guns,2016,2.12,2016-01-01
25025020301,Guns,2017,0.42,2017-01-01
25025020301,Guns,2018,0.42,2018-01-01
25025020301,Guns,2019,0.46,2019-01-01
25025020101,Guns,2010,0,2010-01-01
25025020101,Guns,2011,0,2011-01-01
25025020101,Guns,2012,0,2012-01-01
25025020101,Guns,2013,1.36,2013-01-01
25025020101,Guns,2014,0.91,2014-01-01
25025020101,Guns,2015,1.43,2015-01-01
25025020101,Guns,2016,1.02,2016-01-01
25025020101,Guns,2017,0.41,2017-01-01
25025020101,Guns,2018,0,2018-01-01
25025020101,Guns,2019,0.21,2019-01-01
25025081001,Guns,2010,0.67,2010-01-01
25025081001,Guns,2011,1.25,2011-01-01
25025081001,Guns,2012,1.49,2012-01-01
25025081001,Guns,2013,2.19,2013-01-01
25025081001,Guns,2014,2.92,2014-01-01
25025081001,Guns,2015,5.41,2015-01-01
25025081001,Guns,2016,4.21,2016-01-01
25025081001,Guns,2017,2,2017-01-01
25025081001,Guns,2018,2.8,2018-01-01
25025081001,Guns,2019,3.12,2019-01-01
25025010403,Guns,2010,0,2010-01-01
25025010403,Guns,2011,3.11,2011-01-01
25025010403,Guns,2012,0.68,2012-01-01
25025010403,Guns,2013,3.13,2013-01-01
25025010403,Guns,2014,1.03,2014-01-01
25025010403,Guns,2015,2.44,2015-01-01
25025010403,Guns,2016,0.35,2016-01-01
25025010403,Guns,2017,2.79,2017-01-01
25025010403,Guns,2018,3.83,2018-01-01
25025010403,Guns,2019,2.1,2019-01-01
25025000100,Guns,2010,0,2010-01-01
25025000100,Guns,2011,1.54,2011-01-01
25025000100,Guns,2012,1.84,2012-01-01
25025000100,Guns,2013,4.36,2013-01-01
25025000100,Guns,2014,1.91,2014-01-01
25025000100,Guns,2015,1.93,2015-01-01
25025000100,Guns,2016,1.5,2016-01-01
25025000100,Guns,2017,2.14,2017-01-01
25025000100,Guns,2018,2.78,2018-01-01
25025000100,Guns,2019,1.69,2019-01-01
25025051200,Guns,2010,0.47,2010-01-01
25025051200,Guns,2011,0,2011-01-01
25025051200,Guns,2012,1.94,2012-01-01
25025051200,Guns,2013,1.48,2013-01-01
25025051200,Guns,2014,2.7,2014-01-01
25025051200,Guns,2015,1.38,2015-01-01
25025051200,Guns,2016,1.73,2016-01-01
25025051200,Guns,2017,0.69,2017-01-01
25025051200,Guns,2018,0,2018-01-01
25025051200,Guns,2019,0.69,2019-01-01
